# 1949. 坚定的友谊

题目链接：<https://leetcode.cn/problems/strong-friendship/description/>

## 思路

1. 使用`union`建立好友关系表
2. 寻找共同好友, 两个连接将`user1_id`和`user2_id`的朋友们连接到一张表
3. 使用`where`过滤出相同的朋友
4. 使用`group by`计算出大于3个共同朋友

```sql
with A as (
select user1_id, user2_id from Friendship
union
select user2_id, user1_id from Friendship
)
select a.user1_id, a.user2_id as user2_id, count(*) as common_friend from Friendship a join A b on a.user1_id = b.user1_id join A c on a.user2_id = c.user1_id and b.user2_id = c.user2_id group by a.user1_id, a.user2_id having count(*) >= 3;
```

## MySQL CTE

从版本`8.0`开始，`MySQL`简单地引入了公用表表达式功能或`CTE`，因此您应在计算机上安装`MySQL 8.0`，以便练习本教程中的语句。

### 什么是常见的公用表表达式或`CTE`

公共表表达式是只存在一个单一的`SQL`语句例如执行范围内的一个命名的临时结果集，如：`SELECT`，`INSERT`，`UPDATE`，或`DELETE`。

与派生表类似，`CTE`不作为对象存储，仅在执行查询期间持续存在。与派生表不同，`CTE`可以是自引用（递归`CTE`），也可以在同一查询中多次引用。此外，与派生表相比，`CTE`提供了更好的可读性和性能。

### MySQL CTE语法

CTE的结构包括名称，可选列列表和定义`CTE`的查询。`CTE`定义后，您可以使用它像一个视图`SELECT`，`INSERT`，`UPDATE`，`DELETE`，或`CREATE VIEW`语句。

以下是`CTE`的基本语法：

```sql
WITH cte_name (column_list) AS (
    query
) 
SELECT * FROM cte_name; 
```

注意：查询中的列数必须与`column_list`中的列数相同。如果省略`column_list`，`CTE`将使用定义`CTE`的查询的列列表

### 简单的MySQL CTE示例

以下示例说明如何使用`CTE`从示例数据库中的`customers`表中查询数据。请注意，此示例仅用于演示目的，以便您轻松了解`CTE`概念。

```sql
WITH customers_in_usa AS (
    SELECT 
        customerName, state
    FROM
        customers
    WHERE
        country = 'USA'
) SELECT 
    customerName
 FROM
    customers_in_usa
 WHERE
    state = 'CA'
 ORDER BY customerName; 
```

```text
+------------------------------+
| customerName                 |
+------------------------------+
| Boards & Toys Co.            |
| Collectable Mini Designs Co. |
| Corporate Gift Ideas Co.     |
| Men 'R' US Retailers, Ltd.   |
| Mini Gifts Distributors Ltd. |
| Mini Wheels Co.              |
| Signal Collectibles Ltd.     |
| Technics Stores Inc.         |
| The Sharp Gifts Warehouse    |
| Toys4GrownUps.com            |
| West Coast Collectables Co.  |
+------------------------------+
11 rows in set (0.25 sec)
```

在此示例中，`CTE`的名称是`customers_in_usa`，定义`CTE`的查询返回两列`customerName`和`state`。因此，`customers_in_usa CTE`返回位于美国的所有客户。

在定义`customers_in_usa CTE`之后，我们在`SELECT`语句中引用它同时查询“CA”的客户。

看另一个例子：

```sql
WITH topsales2013 AS (
    SELECT 
        salesRepEmployeeNumber employeeNumber,
        SUM(quantityOrdered * priceEach) sales
    FROM
        orders
            INNER JOIN
        orderdetails USING (orderNumber)
            INNER JOIN
        customers USING (customerNumber)
    WHERE
        YEAR(shippedDate) = 2013
            AND status = 'Shipped'
    GROUP BY salesRepEmployeeNumber
    ORDER BY sales DESC
    LIMIT 5
)
SELECT 
    employeeNumber, firstName, lastName, sales
FROM
    employees
        JOIN
    topsales2013 USING (employeeNumber); 
```

```text
+----------------+-----------+-----------+-----------+
| employeeNumber | firstName | lastName  | sales     |
+----------------+-----------+-----------+-----------+
|           1165 | Leslie    | Jennings  | 413219.85 |
|           1370 | Gerard    | Hernandez | 295246.44 |
|           1401 | Pamela    | Castillo  | 289982.88 |
|           1621 | Mami      | Nishi     | 267249.40 |
|           1501 | Larry     | Bott      | 261536.95 |
+----------------+-----------+-----------+-----------+
5 rows in set (0.17 sec)
```

在此示例中，`CTE`在`2013`年返回前`5`名销售代表。之后，我们引用`topsales2013 CTE`以获取有关销售代表的其他信息，包括名字和姓氏。

### MySQL CTE高级实例

```sql
WITH salesrep AS (
    SELECT 
        employeeNumber,
        CONCAT(firstName, ' ', lastName) AS salesrepName
    FROM
        employees
    WHERE
        jobTitle = 'Sales Rep'
),
customer_salesrep AS (
    SELECT 
        customerName, salesrepName
    FROM
        customers
            INNER JOIN
        salesrep ON employeeNumber = salesrepEmployeeNumber
)
SELECT 
    *
FROM
    customer_salesrep
ORDER BY customerName; 
```

```text
+------------------------------------+------------------+
| customerName                       | salesrepName     |
+------------------------------------+------------------+
| Alpha Cognac                       | Gerard Hernandez |
| Amica Models & Co.                 | Pamela Castillo  |
| Anna's Decorations, Ltd            | Andy Fixter      |
| Atelier graphique                  | Gerard Hernandez |
| Australian Collectables, Ltd       | Andy Fixter      |
| Australian Collectors, Co.         | Andy Fixter      |
| Australian Gift Network, Co        | Andy Fixter      |
| Auto Associs & Cie.                | Gerard Hernandez |
...
```

在此示例中，我们在同一查询中有两个`CTE`。第一个CTE（salesrep）获得职称为销售代表的员工。第二个CTE（customer_salesrep）参考INNER JOIN 子句中的第一个CTE，以获得销售代表和每个销售代表负责的客户。

在进行第二次CTE之后，我们使用SELECT带有ORDER BY子句的简单语句从CTE查询数据。

### WITH子句用法

有一些上下文可以使用`WITH`子句来创建公用表表达式：

首先，`WITH`子句可以在开始时使用`SELECT`，`UPDATE`和`DELETE`语句：

```sql
WITH ... SELECT ...
WITH ... UPDATE ...
WITH ... DELETE ...
```

其次，`WITH`子句可以在子查询或派生表子查询的开头使用：

```sql
SELECT ... WHERE id IN (WITH ... SELECT ...);

SELECT * FROM (WITH ... SELECT ...) AS derived_table;
```

第三，`WITH`可以在`SELECT`包含`SELECT`子句的语句之前使用子句：

```sql
CREATE TABLE ... WITH ... SELECT ...
CREATE VIEW ... WITH ... SELECT ...
INSERT ... WITH ... SELECT ...
REPLACE ... WITH ... SELECT ...
DECLARE CURSOR ... WITH ... SELECT ...
EXPLAIN ... WITH ... SELECT ... 
```

## 参考资料

- [MySQL CTE](https://www.begtut.com/mysql/mysql-cte.html)
