# 627 变更性别

题目链接：<https://leetcode.cn/problems/delete-duplicate-emails/>

```sql
# 自连接
# delete p1 from Person p1, Person p2 where p1.email = p2.email and p1.id > p2.id;

# not in
delete from Person where id not in (select * from (select min(id) from Person group by email) t)
```

## 使用 DELETE 和 WHERE 子句自连接

我们可以使用以下代码，将此表与它自身在电子邮箱列中连接起来。

```sql
SELECT p1.*
FROM Person p1,
    Person p2
WHERE
    p1.Email = p2.Email
;
```

然后我们需要找到其他记录中具有相同电子邮件地址的更大 ID。所以我们可以像这样给 WHERE 子句添加一个新的条件。

```sql
SELECT p1.*
FROM Person p1,
    Person p2
WHERE
    p1.Email = p2.Email AND p1.Id > p2.Id
;
```

因为我们已经得到了要删除的记录，所以我们最终可以将该语句更改为 DELETE。

```sql
DELETE p1 FROM Person p1,
    Person p2
WHERE
    p1.Email = p2.Email AND p1.Id > p2.Id
```

## 解释

解答用了自连接的方式。有慢查询优化经验的同学会清楚，在实际生产中，面对千万上亿级别的数据，连接的效率往往最高，因为用到索引的概率较高。

因此，建议学习使用官方的题解，但是有两点，可能需要再解释下：

### DELETE p1

在[DELETE官方文档](https://dev.mysql.com/doc/refman/8.0/en/delete.html)中，给出了这一用法，比如下面这个DELETE语句👇

```sql
DELETE t1 FROM t1 LEFT JOIN t2 ON t1.id=t2.id WHERE t2.id IS NULL;
```

这种DELETE方式很陌生，竟然和SELETE的写法类似。它涉及到t1和t2两张表，DELETE t1表示要删除t1的一些记录，具体删哪些，就看WHERE条件，满足就删；

这里删的是t1表中，跟t2匹配不上的那些记录。

所以，官方sql中，DELETE p1就表示从p1表中删除满足WHERE条件的记录。

### p1.Id > p2.Id

继续之前，先简单看一下表的连接过程，这个搞懂了，理解WHERE条件就简单了

- 从驱动表（左表）取出N条记录
- 拿着这N条记录，依次到被驱动表（右表）查找满足WHERE条件的记录

所以，官方sql的过程就是

先把Person表搬过来

```text
+----+------------------+
| id | email            |
+----+------------------+
| 1  | john@example.com |
| 2  | bob@example.com  |
| 3  | john@example.com |
+----+------------------+
```

- 从表p1取出3条记录
- 拿着第1条记录去表p2查找满足WHERE的记录，代入该条件p1.Email = p2.Email AND p1.Id > p2.Id后，发现没有满足的，所以不用删掉记录1
- 记录2同理
- 拿着第3条记录去表p2查找满足WHERE的记录，发现有一条记录满足，所以要从p1删掉记录3
- 3条记录遍历完，删掉了1条记录，这个DELETE也就结束了

## 查找重复数据

在本教程中，您将学习如何在MySQL中查找一个或多个列的重复值。

由于许多原因，重复数据库在数据库中会经常发生。查找重复值是使用数据库时必须处理的重要任务之一。

### 准备重复样本数据

对于演示中，我们将创建一个表命名为contacts四列：id，first_name，last_name，和email。

```sql
DROP TABLE IF EXISTS contacts_test;
CREATE TABLE contacts_test (
    id INT PRIMARY KEY AUTO_INCREMENT,
    first_name VARCHAR(50) NOT NULL,
    last_name VARCHAR(50) NOT NULL,
    email VARCHAR(255) NOT NULL
);
```

以下语句将行插入contacts_test表中：

```sql
INSERT INTO contacts_test (first_name,last_name,email) 
VALUES ('Carine ','Schmitt','carine.schmitt@verizon.net'),
       ('Jean','King','jean.king@me.com'),
       ('Peter','Ferguson','peter.ferguson@google.com'),
       ('Janine ','Labrune','janine.labrune@aol.com'),
       ('Jonas ','Bergulfsen','jonas.bergulfsen@mac.com'),
       ('Janine ','Labrune','janine.labrune@aol.com'),
       ('Susan','Nelson','susan.nelson@comcast.net'),
       ('Zbyszek ','Piestrzeniewicz','zbyszek.piestrzeniewicz@att.net'),
       ('Roland','Keitel','roland.keitel@yahoo.com'),
       ('Julie','Murphy','julie.murphy@yahoo.com'),
       ('Kwai','Lee','kwai.lee@google.com'),
       ('Jean','King','jean.king@me.com'),
       ('Susan','Nelson','susan.nelson@comcast.net'),
       ('Roland','Keitel','roland.keitel@yahoo.com');
```

```sql
SELECT
    *
FROM
    contacts_test;
```

```text
+----+------------+-----------------+---------------------------------+
| id | first_name | last_name       | email                           |
+----+------------+-----------------+---------------------------------+
|  1 | Carine     | Schmitt         | carine.schmitt@verizon.net      |
|  2 | Jean       | King            | jean.king@me.com                |
|  3 | Peter      | Ferguson        | peter.ferguson@google.com       |
|  4 | Janine     | Labrune         | janine.labrune@aol.com          |
|  5 | Jonas      | Bergulfsen      | jonas.bergulfsen@mac.com        |
|  6 | Janine     | Labrune         | janine.labrune@aol.com          |
|  7 | Susan      | Nelson          | susan.nelson@comcast.net        |
|  8 | Zbyszek    | Piestrzeniewicz | zbyszek.piestrzeniewicz@att.net |
|  9 | Roland     | Keitel          | roland.keitel@yahoo.com         |
| 10 | Julie      | Murphy          | julie.murphy@yahoo.com          |
| 11 | Kwai       | Lee             | kwai.lee@google.com             |
| 12 | Jean       | King            | jean.king@me.com                |
| 13 | Susan      | Nelson          | susan.nelson@comcast.net        |
| 14 | Roland     | Keitel          | roland.keitel@yahoo.com         |
+----+------------+-----------------+---------------------------------+
14 rows in set (0.00 sec)
```

在contacts_test表中，我们有一些行是有重复的值first_name，last_name和email列。让我们学习如何找到它们。

### 查找一列中的重复值

```sql
SELECT
    col,
    COUNT(col)
FROM
    table_name
GROUP BY col
HAVING COUNT(col) > 1;
```

如果在表中出现多个值，则认为值是重复的。在这个语句中，我们使用`GROUP BY`带有`COUNT`函数的子句来计算指定列（col）的值。`HAVING` 子句中的条件仅包括值count大于1的行，即重复的行。

您可以使用此查询查找`contacts`表中包含重复电子邮件的所有行，如下所示：

```sql
SELECT
    email,
    COUNT(email)
FROM
    contacts_test
GROUP BY email
HAVING COUNT(email) > 1;
```

以下显示了查询的输出：

```text
+--------------------------+--------------+
| email                    | COUNT(email) |
+--------------------------+--------------+
| janine.labrune@aol.com   |            2 |
| jean.king@me.com         |            2 |
| roland.keitel@yahoo.com  |            2 |
| susan.nelson@comcast.net |            2 |
+--------------------------+--------------+
4 rows in set (0.00 sec)
```

如您所见，有些行具有相同的电子邮件。

### 查找多列中重复值

有时，您希望基于多个列而不是一个列找到重复项。在这种情况下，您可以使用以下查询：

```sql
SELECT
    col1, COUNT(col1),
    col2, COUNT(col2),
    ...

FROM
    table_name
GROUP BY
    col1,
    col2, ...
HAVING
       (COUNT(col1) > 1) AND
       (COUNT(col2) > 1) AND
       ...
```

仅当列的组合重复时，行才被视为重复，因此我们在`HAVING`子句中使用了`AND`运算符。

例如，要查找的行contacts_test表中重复值first_name，last_name和email列，可以使用下面的查询：

```sql
SELECT
    first_name, COUNT(first_name),
    last_name,  COUNT(last_name),
    email,      COUNT(email)
FROM
    contacts_test
GROUP BY
    first_name ,
    last_name ,
    email
HAVING  COUNT(first_name) > 1
    AND COUNT(last_name) > 1
    AND COUNT(email) > 1;
```

以下说明了查询的输出：

```text
+------------+-------------------+-----------+------------------+--------------------------+--------------+
| first_name | COUNT(first_name) | last_name | COUNT(last_name) | email                    | COUNT(email) |
+------------+-------------------+-----------+------------------+--------------------------+--------------+
| Janine     |                 2 | Labrune   |                2 | janine.labrune@aol.com   |            2 |
| Jean       |                 2 | King      |                2 | jean.king@me.com         |            2 |
| Roland     |                 2 | Keitel    |                2 | roland.keitel@yahoo.com  |            2 |
| Susan      |                 2 | Nelson    |                2 | susan.nelson@comcast.net |            2 |
+------------+-------------------+-----------+------------------+--------------------------+--------------+
4 rows in set (0.00 sec)
```

## 删除重复数据

在本教程中，您将学习删除MySQL中重复行的各种方法。

在上一个教程中，我们向您展示了如何在表中查找重复值。识别出重复行后，您可能希望删除它们以清理数据。

### 准备样本数据

下面的脚本创建的contacts_test表和插入采样数据到contacts_test表中为示范。

```sql
DROP TABLE IF EXISTS contacts_test;

CREATE TABLE contacts_test (
    id INT PRIMARY KEY AUTO_INCREMENT,
    first_name VARCHAR(50) NOT NULL,
    last_name VARCHAR(50) NOT NULL,
    email VARCHAR(255) NOT NULL
);

INSERT INTO contacts_test (first_name,last_name,email) 
VALUES ('Carine ','Schmitt','carine.schmitt@verizon.net'),
       ('Jean','King','jean.king@me.com'),
       ('Peter','Ferguson','peter.ferguson@google.com'),
       ('Janine ','Labrune','janine.labrune@aol.com'),
       ('Jonas ','Bergulfsen','jonas.bergulfsen@mac.com'),
       ('Janine ','Labrune','janine.labrune@aol.com'),
       ('Susan','Nelson','susan.nelson@comcast.net'),
       ('Zbyszek ','Piestrzeniewicz','zbyszek.piestrzeniewicz@att.net'),
       ('Roland','Keitel','roland.keitel@yahoo.com'),
       ('Julie','Murphy','julie.murphy@yahoo.com'),
       ('Kwai','Lee','kwai.lee@google.com'),
       ('Jean','King','jean.king@me.com'),
       ('Susan','Nelson','susan.nelson@comcast.net'),
       ('Roland','Keitel','roland.keitel@yahoo.com');
```

您可以在执行DELETE语句后执行此脚本以重新创建测试数据。

以下查询返回表中的重复电子邮件contacts_test：

```sql
SELECT
    email, COUNT(email)
FROM
    contacts_test
GROUP BY
    email
HAVING
    COUNT(email) > 1;
```

```text
+--------------------------+--------------+
| email                    | COUNT(email) |
+--------------------------+--------------+
| janine.labrune@aol.com   |            2 |
| jean.king@me.com         |            2 |
| roland.keitel@yahoo.com  |            2 |
| susan.nelson@comcast.net |            2 |
+--------------------------+--------------+
4 rows in set (0.00 sec)
```

如您所见，我们有四行重复的电子邮件。

### 使用DELETE JOIN语句删除重复的行

MySQL为您提供了`DELETE JOIN`可用于快速删除重复行的语句。

以下语句删除重复行并保留最高ID：

```sql
DELETE t1 FROM contacts_test t1
        INNER JOIN
    contacts_test t2
WHERE
    t1.id < t2.id AND t1.email = t2.email;
```

输出是：

```text
Query OK, 4 rows affected (0.10 sec)
```

它表明已删除了四行。您可以执行再次查找重复电子邮件的查询以验证删除：

```sql
SELECT
    email,
    COUNT(email)
FROM
    contacts_test
GROUP BY
    email
HAVING
    COUNT(email) > 1;
```

查询返回一个空集，这意味着已删除重复的行。

让我们验证contacts_test表格中的数据：

```sql
SELECT
    *
FROM
    contacts_test;
```

```text
+----+------------+-----------------+---------------------------------+
| id | first_name | last_name       | email                           |
+----+------------+-----------------+---------------------------------+
|  1 | Carine     | Schmitt         | carine.schmitt@verizon.net      |
|  3 | Peter      | Ferguson        | peter.ferguson@google.com       |
|  5 | Jonas      | Bergulfsen      | jonas.bergulfsen@mac.com        |
|  6 | Janine     | Labrune         | janine.labrune@aol.com          |
|  8 | Zbyszek    | Piestrzeniewicz | zbyszek.piestrzeniewicz@att.net |
| 10 | Julie      | Murphy          | julie.murphy@yahoo.com          |
| 11 | Kwai       | Lee             | kwai.lee@google.com             |
| 12 | Jean       | King            | jean.king@me.com                |
| 13 | Susan      | Nelson          | susan.nelson@comcast.net        |
| 14 | Roland     | Keitel          | roland.keitel@yahoo.com         |
+----+------------+-----------------+---------------------------------+
10 rows in set (0.00 sec)
```

id为2,4,7和9的行已被删除。

如果要删除重复行并保留最低ID，可以使用以下语句：

```sql
DELETE t1 FROM contacts_test t1
        INNER JOIN
    contacts_test t2
WHERE
    t1.id > t2.id AND t1.email = t2.email;
```

注意：您可以再次执行用于创建contacts_test表的脚本并测试此查询。以下输出显示删除重复行后contacts_test表的数据。

```text
+----+------------+-----------------+---------------------------------+
| id | first_name | last_name       | email                           |
+----+------------+-----------------+---------------------------------+
|  1 | Carine     | Schmitt         | carine.schmitt@verizon.net      |
|  2 | Jean       | King            | jean.king@me.com                |
|  3 | Peter      | Ferguson        | peter.ferguson@google.com       |
|  4 | Janine     | Labrune         | janine.labrune@aol.com          |
|  5 | Jonas      | Bergulfsen      | jonas.bergulfsen@mac.com        |
|  7 | Susan      | Nelson          | susan.nelson@comcast.net        |
|  8 | Zbyszek    | Piestrzeniewicz | zbyszek.piestrzeniewicz@att.net |
|  9 | Roland     | Keitel          | roland.keitel@yahoo.com         |
| 10 | Julie      | Murphy          | julie.murphy@yahoo.com          |
| 11 | Kwai       | Lee             | kwai.lee@google.com             |
+----+------------+-----------------+---------------------------------+
10 rows in set (0.00 sec)
```

### 使用中间表删除重复的行

以下显示了使用中间表删除重复行的步骤：

- 创建一个新表，其结构与要删除重复行的原始表相同。
- 将原始表中的不同行插入到直接表中。
- 删除原始表和重命名立即表的原始表。

```sql
# 步骤1。
CREATE TABLE source_copy LIKE source;
# 第2步。
INSERT INTO source_copy
SELECT * FROM source
GROUP BY col; -- col 是有重复数据的列 
# 第3步。
DROP TABLE source;
ALTER TABLE source_copy RENAME TO source;
```

例如，以下语句从contacts_test表中删除包含重复电子邮件的行：

```sql
-- step 1
CREATE TABLE contacts_temp
LIKE contacts_test;

-- step 2
INSERT INTO contacts_temp
SELECT *
FROM contacts_test
GROUP BY email,id;


-- step 3
DROP TABLE contacts_test;

ALTER TABLE contacts_temp
RENAME TO contacts_test;
```

### 使用ROW_NUMBER() 函数删除重复的行

请注意，`ROW_NUMBER()`自MySQL版本8.02起，功能已得到支持，因此您应在使用功能之前检查您的MySQL版本。

以下语句使用`ROW_NUMBER()`函数为每行分配一个顺序整数。如果电子邮件重复，则行号将大于1。

以下语句返回重复行的id列表：

```sql
SELECT
 id
FROM (
 SELECT
 id,
 ROW_NUMBER() OVER (
 PARTITION BY email
 ORDER BY email) AS row_num
 FROM
 contacts_test
) t
WHERE
 row_num > 1;
```

```text
+----+
| id |
+----+
|  6 |
| 12 |
| 14 |
| 13 |
+----+
10 rows in set (0.00 sec)
```

而你只是删除从重复的行contacts使用表DELETE与语句子查询 中的WHERE条款：

```sql
DELETE FROM contacts_test
WHERE
 id IN (
 SELECT
 id
 FROM (
 SELECT
 id,
 ROW_NUMBER() OVER (
 PARTITION BY email
 ORDER BY email) AS row_num
 FROM
 contacts_test
 ) t
    WHERE row_num > 1
);
```

MySQL发出以下消息：

```text
4 row(s) affected
```
