# 586 订单最多的客户

题目链接：<https://leetcode.cn/problems/customer-placing-the-largest-number-of-orders/description/>

## 使用group by, order by和limit

题目保证只有一个最大的结果，直接group by后按照数量降序排序，使用limit取第一个即可

如果有多个结果，可以先找出最大的数量，然后用having字句进行过滤

还可以使用`count()>=all`的方式

排名还可以使用窗口函数dense_rank

```sql
# select customer_number from Orders group by customer_number order by count(*) desc limit 1;

select customer_number from Orders group by customer_number having count(*) = (select count(*) from Orders group by customer_number order by count(*) desc limit 1);

select customer_number
from Orders
group by customer_number
having count(*) >= all(
    select count(*) as cnt
    from Orders
    group by customer_number    
    );

select customer_number from
(select 
    customer_number, 
    dense_rank() over(order by count(order_number) desc) as ranking
  # 窗口函数适用范围广，在数据层面先构造再筛选
from orders
group by customer_number) t
where ranking = 1;
```

## ALL运算符

ALL运算符是一个逻辑运算符，它将单个值与子查询返回的单列值集进行比较。

ALL运算符必须以比较运算符开头，例如：>，>=，<，<=，<>，=，后跟子查询。

如下，对于ALL运算符的条件和描述说明：

|条件|描述|
|-|-|
|c > ALL(…)|c列中的值必须大于要评估为true的集合中的最大值。|
|c >= ALL(…)|c列中的值必须大于或等于要评估为true的集合中的最大值。|
|c < ALL(…)|c列中的值必须小于要评估为true的集合中的最小值。|
|c <= ALL(…)|c列中的值必须小于或等于要评估为true的集合中的最小值。|
|c <> ALL(…)|c列中的值不得等于要评估为true的集合中的任何值。|
|c = ALL(…)|c列中的值必须等于要评估为true的集合中的任何值。|

### ALL运算符例子

查找工资大于部门ID为6的员工最高工资的所有员工

```sql
SELECT 
  NAME,
  salary 
FROM
  employees 
WHERE
  salary > ALL ( SELECT salary FROM employees WHERE department_id = 6 ) 
ORDER BY
  salary;
```

查找工资不等于每个部门平均工资的员工

```sql
SELECT 
  NAME,
  salary 
FROM
  employees 
WHERE
  salary <> ALL ( SELECT AVG( salary ) FROM employees GROUP BY department_id ) 
ORDER BY
  salary DESC;
```

## ANY运算符

ANY运算符是一个逻辑运算符，它将值与子查询返回的一组值进行比较。 ANY运算符必须以比较运算符：>，>=，<，<=，=，<>开头，后跟子查询。

如下，对于ANY运算符的条件和描述说明：

|条件|描述|
|-|-|
|c > ANY(…)|c列中的值必须大于要评估为true的集合中的最小值。|
|c >= ANY(…)|c列中的值必须大于或等于要评估为true的集合中的最小值。|
|c < ANY(…)|c列中的值必须小于要评估为true的集合中的最大值。|
|c <= ANY(…)|c列中的值必须小于或等于要评估为true的集合中的最大值。|
|c != ANY(…)|c列中的值不能与集合中的一个或多个值匹配以评估为true。|
|c = ANY(…)|c列中的值必须与集合中的一个或多个值匹配，以评估为true。|

### ANY运算符例子

查找薪水低于每个部门平均薪水的所有员工

```sql
SELECT 
  NAME,
  salary 
FROM
  employees 
WHERE
  salary < ANY ( SELECT AVG( salary ) FROM employees GROUP BY department_id ) 
ORDER BY
  salary DESC;
```

## RANK窗口函数

`RANK()`函数为结果集的分区中的每一行分配一个排名。行的等级由一加上前面的等级数指定。

以下显示了RANK()函数的语法：

```sql
RANK() OVER (
    PARTITION BY <expression>[{,<expression>...}]
    ORDER BY <expression> [ASC|DESC], [{,<expression>...}]
)
```

在这个语法中：

- 首先，`PARTITION BY`子句将结果集划分为分区。`RANK()`功能在分区内执行，并在跨越分区边界时重新初始化。
- 其次，`ORDER BY`子句按一个或多个列或表达式对分区内的行进行排序。

与`ROW_NUMBER()`函数不同，`RANK()`函数并不总是返回连续的整数。

假设我们有一个样本表如下：

```sql
CREATE TABLE rankDemo (
    val INT
);

INSERT INTO rankDemo(val)
VALUES(1),(2),(2),(3),(4),(4),(5);


SELECT
    *
FROM
    rankDemo;
```

```text
+------+
| val  |
+------+
|    1 |
|    2 |
|    2 |
|    3 |
|    4 |
|    4 |
|    5 |
+------+
7 rows in set (0.01 sec)
```

以下语句使用`RANK()`函数为`rankDemo`表中结果集的每一行分配一个排名：

```sql
SELECT
    val,
    RANK() OVER (
        ORDER BY val
    ) my_rank
FROM
    rankDemo;
```

这是输出：

```text
+------+---------+
| val  | my_rank |
+------+---------+
|    1 |       1 |
|    2 |       2 |
|    2 |       2 |
|    3 |       4 |
|    4 |       5 |
|    4 |       5 |
|    5 |       7 |
+------+---------+
7 rows in set (0.02 sec)
```

如您所见，第二行和第三行具有相同的关系，因此它们获得相同的等级2。

第四行具有等级4，因为`RANK()`功能跳过等级3。

### RANK() 函数示例

让我们使用`sales`我们在窗口函数教程中创建的表进行演示。

以下是`sales`表：

```text
+----------------+-------------+--------+
| sales_employee | fiscal_year | sale   |
+----------------+-------------+--------+
| Alice          |        2016 | 150.00 |
| Alice          |        2017 | 100.00 |
| Alice          |        2018 | 200.00 |
| Bob            |        2016 | 100.00 |
| Bob            |        2017 | 150.00 |
| Bob            |        2018 | 200.00 |
| John           |        2016 | 200.00 |
| John           |        2017 | 150.00 |
| John           |        2018 | 250.00 |
+----------------+-------------+--------+
9 rows in set (0.01 sec)
```

以下声明使用RANK()功能按销售额按每年的销售额排名：

```sql
SELECT
  sales_employee,
  fiscal_year,
  sale,
  RANK( ) OVER (
    PARTITION BY fiscal_year
    ORDER BY sale DESC
  ) sales_rank 
FROM
  sales;
```

输出结果：

```text
+----------------+-------------+--------+------------+
| sales_employee | fiscal_year | sale   | sales_rank |
+----------------+-------------+--------+------------+
| John           |        2016 | 200.00 |          1 |
| Alice          |        2016 | 150.00 |          2 |
| Bob            |        2016 | 100.00 |          3 |
| Bob            |        2017 | 150.00 |          1 |
| John           |        2017 | 150.00 |          1 |
| Alice          |        2017 | 100.00 |          3 |
| John           |        2018 | 250.00 |          1 |
| Alice          |        2018 | 200.00 |          2 |
| Bob            |        2018 | 200.00 |          2 |
+----------------+-------------+--------+------------+
9 rows in set (0.01 sec)
```

在这个例子中：

- 首先，`PARTITION BY`子句按财务年度将结果集分成多个分区。
- 然后，`ORDER BY`子句按销售额按降序对销售员工进行排序。

### RANK函数与CTE示例

以下语句使用`RANK()`函数查找每年最高的三个最高价值订单：

```sql
WITH order_values AS(
    SELECT
        orderNumber,
        YEAR(orderDate) order_year,
        quantityOrdered*priceEach AS order_value,
        RANK() OVER (
            PARTITION BY YEAR(orderDate)
            ORDER BY quantityOrdered*priceEach DESC
        ) order_value_rank
    FROM
        orders
    INNER JOIN orderDetails USING (orderNumber)
)
SELECT
    *
FROM
    order_values
WHERE
    order_value_rank <=3; 
```

这是输出：

```text
+-------------+------------+-------------+------------------+
| orderNumber | order_year | order_value | order_value_rank |
+-------------+------------+-------------+------------------+
|       10196 |       2013 |     9571.08 |                1 |
|       10206 |       2013 |     9568.73 |                2 |
|       10201 |       2013 |     9394.28 |                3 |
|       10312 |       2014 |    10286.40 |                1 |
|       10348 |       2014 |     9974.40 |                2 |
|       10304 |       2014 |     9467.68 |                3 |
|       10403 |       2015 |    11503.14 |                1 |
|       10405 |       2015 |    11170.52 |                2 |
|       10407 |       2015 |    10723.60 |                3 |
+-------------+------------+-------------+------------------+
9 rows in set (0.04 sec)
```

在这个例子中：

- 首先，我们使用公用表表达式（`CTE`）来获取订单号，订单年份和排名。为了按照每年的订单价值对订单进行排名，我们使用按`RANK()`行年划分行的功能，并按降序对订单值进行排序。
- 然后，我们只选择排名小于或等于3的订单。

## DENSE_RANK窗口函数

`DENSE_RANK()`是一个窗口函数，它为分区或结果集中的每一行分配排名，而排名值没有间隙。

行的等级从行前的不同等级值的数量增加1。

`DENSE_RANK()` 函数的语法如下：

```sql
DENSE_RANK() OVER (
    PARTITION BY <expression>[{,<expression>...}]
    ORDER BY <expression> [ASC|DESC], [{,<expression>...}]
)
```

在这个语法中：

- 首先，`PARTITION BY`子句将FROM子句生成的结果集划分为分区。`DENSE_RANK()`函数应用于每个分区。
- 其次，`ORDER BY` 子句指定`DENSE_RANK()`函数操作的每个分区中的行顺序。

如果分区具有两个或更多具有相同排名值的行，则将为这些行中的每一行分配相同的排名。

与`RANK()`函数不同，`DENSE_RANK()`函数始终返回连续的排名值。

假设我们有一个`t`包含一些样本数据的表，如下所示：

```sql
CREATE TABLE rankDemo (
    val INT
);

INSERT INTO rankDemo(val)
VALUES(1),(2),(2),(3),(4),(4),(5);


SELECT 
    *
FROM
    rankDemo;
```

```text
+------+
| val  |
+------+
|    1 |
|    2 |
|    2 |
|    3 |
|    4 |
|    4 |
|    5 |
+------+
7 rows in set (0.02 sec)
```

以下语句使用`DENSE_RANK()`函数为每行分配排名：

```sql
SELECT
    val,
    DENSE_RANK() OVER (
        ORDER BY val
    ) my_rank
FROM
    rankDemo;
```

```text
+------+---------+
| val  | my_rank |
+------+---------+
|    1 |       1 |
|    2 |       2 |
|    2 |       2 |
|    3 |       3 |
|    4 |       4 |
|    4 |       4 |
|    5 |       5 |
+------+---------+
7 rows in set (0.03 sec)
```

### DENSE_RANK() 函数示例

我们将使用窗口函数教程`sales`中创建的表进行演示

```text
mysql> select * from sales;
+----------------+-------------+--------+
| sales_employee | fiscal_year | sale   |
+----------------+-------------+--------+
| Alice          |        2016 | 150.00 |
| Alice          |        2017 | 100.00 |
| Alice          |        2018 | 200.00 |
| Bob            |        2016 | 100.00 |
| Bob            |        2017 | 150.00 |
| Bob            |        2018 | 200.00 |
| John           |        2016 | 200.00 |
| John           |        2017 | 150.00 |
| John           |        2018 | 250.00 |
+----------------+-------------+--------+
9 rows in set (0.00 sec)
```

以下声明使用`DENSE_RANK()`功能按销售额对销售员工进行排名。

```sql
SELECT
    sales_employee,
    fiscal_year,
    sale,
    DENSE_RANK() OVER (PARTITION BY
                     fiscal_year
                 ORDER BY
                     sale DESC
                ) sales_rank
FROM
    sales;
```

输出如下：

```text
+----------------+-------------+--------+------------+
| sales_employee | fiscal_year | sale   | sales_rank |
+----------------+-------------+--------+------------+
| John           |        2016 | 200.00 |          1 |
| Alice          |        2016 | 150.00 |          2 |
| Bob            |        2016 | 100.00 |          3 |
| Bob            |        2017 | 150.00 |          1 |
| John           |        2017 | 150.00 |          1 |
| Alice          |        2017 | 100.00 |          2 |
| John           |        2018 | 250.00 |          1 |
| Alice          |        2018 | 200.00 |          2 |
| Bob            |        2018 | 200.00 |          2 |
+----------------+-------------+--------+------------+
9 rows in set (0.01 sec)
```

在这个例子中：

- 首先，`PARTITION BY`子句使用会计年度将结果集划分为分区。
- 其次，`ORDER BY`条款按销售额的降序指定了销售员工的顺序。
- 第三，`DENSE_RANK()`函数应用于具有`ORDER BY`子句指定的行顺序的每个分区。

## ROW_NUMBER窗口函数

`MySQL ROW_NUMBER()`从8.0版开始引入了功能。这`ROW_NUMBER()`是一个窗口函数或分析函数，它为从1开始应用的每一行分配一个序号。

请注意，如果你使用MySQL版本低于8.0，你可以效仿的一些功能`ROW_NUMBER()`函数使用各种技术。

### ROW_NUMBER()函数的语法

以下显示了ROW_NUMBER()函数的语法：

```sql
ROW_NUMBER() OVER (<partition_definition> <order_definition>) 
```

#### partition_definition语法

partition_definition语法如下：

```sql
PARTITION BY <expression>,[{,<expression>}...] 
```

`PARTITION BY`子句将行分成更小的集合。表达式可以是将在`GROUP BY`子句中使用的任何有效表达式。您可以使用以逗号分隔的多个表达式。

`PARTITION BY`条款是可选项。如果省略它，则整个结果集被视为分区。但是，当您使用`PARTITION BY`子句时，每个分区也可以被视为一个窗口。

#### order_definition语法

order_definition的语法如下所示：

```sql
ORDER BY <expression> [ASC|DESC],[{,<expression>}...] 
```

`ORDER BY`子句的目的是设置行的顺序。此`ORDER BY`子句独立`ORDER BY`于查询的子句。

### ROW_NUMBER() 函数示例

让我们使用示例数据库中的products表进行演示：

#### 为行分配序号

以下语句使用`ROW_NUMBER()`函数为`products`表中的每一行分配一个序号：

```sql
SELECT 
 ROW_NUMBER() OVER (
 ORDER BY productName
 ) row_num,
    productName,
    msrp
FROM
 products
ORDER BY
 productName;
```

这是输出：

```text
+---------+---------------------------------------------+--------+
| row_num | productName                                 | msrp   |
+---------+---------------------------------------------+--------+
|       1 | 18th century schooner                       | 122.89 |
|       2 | 18th Century Vintage Horse Carriage         | 104.72 |
|       3 | 1900s Vintage Bi-Plane                      |  68.51 |
|       4 | 1900s Vintage Tri-Plane                     |  72.45 |
|       5 | 1903 Ford Model A                           | 136.59 |
|       6 | 1904 Buick Runabout                         |  87.77 |
|       7 | 1911 Ford Town Car                          |  60.54 |
|       8 | 1912 Ford Model T Delivery Wagon            |  88.51 |
|       9 | 1913 Ford Model T Speedster                 | 101.31 |
|      10 | 1917 Grand Touring Sedan                    | 170.00 |
|      11 | 1917 Maxwell Touring Car                    |  99.21 |
|      12 | 1926 Ford Fire Engine                       |  60.77 |
|      13 | 1928 British Royal Navy Airplane            | 109.42 |
...
```

#### 找到每组的前N行

您可以将`ROW_NUMBER()`功能用于查找每个组的前`N`行的查询，例如，每个销售渠道的前三名销售员工，每个类别的前五名高性能产品。

以下语句查找每个产品系列中库存最高的前三种产品：

```sql
WITH inventory
AS (SELECT
       productLine,
       productName,
       quantityInStock,
       ROW_NUMBER() OVER (
          PARTITION BY productLine
          ORDER BY quantityInStock DESC) row_num
    FROM
       products
   )
SELECT
   productLine,
   productName,
   quantityInStock
FROM 
   inventory
WHERE
   row_num <= 3;
```

在这个例子中

- 首先，我们使用`ROW_NUMER()`函数对每个产品系列中的所有产品的库存进行排序，方法是按产品线划分所有产品，并按库存数量按降序排序。结果，每个产品根据其库存数量分配一个等级。并为每个产品系列重置排名。
- 然后，我们只选择等级小于或等于3的产品。

以下显示输出：

```text
+------------------+----------------------------------------+-----------------+
| productLine      | productName                            | quantityInStock |
+------------------+----------------------------------------+-----------------+
| Classic Cars     | 1995 Honda Civic                       |            9772 |
| Classic Cars     | 2002 Chevy Corvette                    |            9446 |
| Classic Cars     | 1976 Ford Gran Torino                  |            9127 |
| Motorcycles      | 2002 Suzuki XREO                       |            9997 |
| Motorcycles      | 1982 Ducati 996 R                      |            9241 |
| Motorcycles      | 1969 Harley Davidson Ultimate Chopper  |            7933 |
| Planes           | America West Airlines B757-200         |            9653 |
| Planes           | American Airlines: MD-11S              |            8820 |
| Planes           | ATA: B757-300                          |            7106 |
| Ships            | The USS Constitution Ship              |            7083 |
| Ships            | The Queen Mary                         |            5088 |
| Ships            | 1999 Yamaha Speed Boat                 |            4259 |
| Trains           | 1950's Chicago Surface Lines Streetcar |            8601 |
| Trains           | Collectable Wooden Train               |            6450 |
| Trains           | 1962 City of Detroit Streetcar         |            1645 |
| Trucks and Buses | 1964 Mercedes Tour Bus                 |            8258 |
| Trucks and Buses | 1957 Chevy Pickup                      |            6125 |
| Trucks and Buses | 1980鈥檚 GM Manhattan Express          |            5099 |
| Vintage Cars     | 1932 Model A Ford J-Coupe              |            9354 |
| Vintage Cars     | 1912 Ford Model T Delivery Wagon       |            9173 |
| Vintage Cars     | 1937 Lincoln Berline                   |            8693 |
+------------------+----------------------------------------+-----------------+
21 rows in set (0.03 sec)
```

#### 删除重复的行

您可以使用`ROW_NUMBER()`它将非唯一行转换为唯一行，然后删除重复行。请考虑以下示例。

首先，创建一个包含一些重复值的表：

```sql
DROP TABLE IF EXISTS rowNumberDemo;
CREATE TABLE rowNumberDemo (
    id INT,
    name VARCHAR(10) NOT NULL
);

INSERT INTO rowNumberDemo(id,name)
VALUES(1,'A'),
      (2,'B'),
      (3,'B'),
      (4,'C'),
      (5,'C'),
      (6,'C'),
      (7,'D');
```

其次，使用`ROW_NUMBER()`函数将行划分为所有列的分区。对于每个唯一的行集，将重新开始行号。

```sql
SELECT
    id,
    name,
    ROW_NUMBER() OVER (PARTITION BY name ORDER BY name) AS row_num
FROM rowNumberDemo;
```

```text
+------+------+---------+
| id   | name | row_num |
+------+------+---------+
|    1 | A    |       1 |
|    2 | B    |       1 |
|    3 | B    |       2 |
|    4 | C    |       1 |
|    5 | C    |       2 |
|    6 | C    |       3 |
|    7 | D    |       1 |
+------+------+---------+
7 rows in set (0.02 sec)
```

从输出中可以看出，唯一的行是行号等于1的行。

第三，您可以使用公用表表达式（CTE）返回要删除的重复行和delete语句：

```sql
WITH dups AS (SELECT 
        id,
        name,
        ROW_NUMBER() OVER(PARTITION BY name ORDER BY name) AS row_num
    FROM rowNumberDemo)
DELETE rowNumberDemo FROM rowNumberDemo INNER JOIN dups ON rowNumberDemo.id = dups.id
WHERE dups.row_num <> 1;
```

```text
+------+------+
| id   | name |
+------+------+
|    1 | A    |
|    2 | B    |
|    4 | C    |
|    7 | D    |
+------+------+
4 rows in set (0.01 sec)
```

请注意，MySQL不支持基于CTE的删除，因此，我们必须将原始表与CTE一起作为一种解决方法。

#### 使用ROW_NUMBER()函数分页

因为`ROW_NUMBER()`为结果集中的每一行指定一个唯一的数字，所以可以将其用于分页。

假设您需要显示每页包含10个产品的产品列表。要获取第二页的产品，请使用以下查询：

```sql
SELECT *
FROM 
    (SELECT productName,
         msrp,
         row_number()
        OVER (order by msrp) AS row_num
    FROM products) t
WHERE row_num BETWEEN 11 AND 20; 
```

这是输出：

```text
+------------------------------------------+-------+---------+
| productName                              | msrp  | row_num |
+------------------------------------------+-------+---------+
| 1936 Mercedes-Benz 500K Special Roadster | 53.91 |      11 |
| 1954 Greyhound Scenicruiser              | 54.11 |      12 |
| Pont Yacht                               | 54.60 |      13 |
| 1970 Dodge Coronet                       | 57.80 |      14 |
| 1962 City of Detroit Streetcar           | 58.58 |      15 |
| 1911 Ford Town Car                       | 60.54 |      16 |
| 1936 Harley Davidson El Knucklehead      | 60.57 |      17 |
| 1926 Ford Fire Engine                    | 60.77 |      18 |
| 1971 Alpine Renault 1600s                | 61.23 |      19 |
| 1950's Chicago Surface Lines Streetcar   | 62.14 |      20 |
+------------------------------------------+-------+---------+
10 rows in set (0.02 sec)
```

## 添加序号

在本教程中，您将学习如何在MySQL中模拟`row_number()`函数。我们将向您展示如何为结果集中的每一行或每组行添加唯一编号。

请注意，MySQL支持`ROW_NUMBER()`自8.0版以来的版本。如果您使用MySQL 8.0或更高版本，请检查它的`ROW_NUMBER()`功能。否则，您可以继续学习本教程以了解如何模拟`ROW_NUMBER()`功能。

### row_number函数简介

这`row_number()`是一个排名函数，它返回一行的序号，从第一行的1开始。您经常希望使用`row_number()`函数来生成特定报告。

版本低于8.0的MySQL不支持`row_number()`就像`Microsoft SQL Server`，`Oracle`或`PostgreSQL`一样。幸运的是，MySQL提供了可用于模拟`row_number()`函数的会话变量。

### 为每一行添加一个行号

要模拟`row_number()`函数，您必须在查询中使用会话变量

以下语句从`employees`表中获取5名员工，并从1开始为每行添加行号。

```sql
SET @row_number = 0;
SELECT
  ( @row_number := @row_number + 1 ) AS num,
  firstName,
  lastName
FROM
  employees
  LIMIT 5;
```

```text
+------+-----------+-----------+
| num  | firstName | lastName  |
+------+-----------+-----------+
|    1 | Diane     | Murphy    |
|    2 | Mary      | Phan      |
|    3 | Jeff      | Firrelli  |
|    4 | William   | Patterson |
|    5 | Gerard    | Bondur    |
+------+-----------+-----------+
5 rows in set (0.00 sec)
```

在上面的陈述中：

- 在第一个语句中，我们定义了一个名为的变量`row_number`，并将其值设置为0.这`row_number`是由@前缀指示的会话变量。
- 在第二个语句中，我们从`employees`表中选择数据，并将每行的`row_number`变量值增加到1。`LIMIT`子句用于约束返回的行数，在这种情况下，它被设置为5。

另一种技术是使用会话变量作为派生表，并将其与主表交叉连接。请参阅以下查询：

```sql
SELECT
    (@row_number:=@row_number + 1) AS num, firstName, lastName
FROM
    employees,(SELECT @row_number:=0) AS t
LIMIT 5;
```

请注意，派生表必须具有自己的别名，以使查询在语法上正确。

### 为每个组添加行号

`row_number() OVER PARTITION BY` 功能怎么样？例如，如果要为每个组添加行号，并为每个新组重置行，怎么办？

我们来看看示例数据库中的payments表：

```text
+----------------+
| payments       |
+----------------+
| customerNumber |
| checkNumber    |
| paymentDate    |
| amount         |
+----------------+
4 rows in set (0.00 sec)
```

```sql
SELECT
    customerNumber, paymentDate, amount
FROM
    payments
ORDER BY customerNumber;
```

```text
+----------------+-------------+-----------+
| customerNumber | paymentDate | amount    |
+----------------+-------------+-----------+
|            103 | 2014-10-19  |   6066.78 |
|            103 | 2013-06-05  |  14571.44 |
|            103 | 2014-12-18  |   1676.14 |
|            112 | 2014-12-17  |  14191.12 |
|            112 | 2013-06-06  |  32641.98 |
|            112 | 2014-08-20  |  33347.88 |
|            114 | 2013-05-20  |  45864.03 |
|            114 | 2014-12-15  |  82261.22 |
...
```

假设您为每个客户添加一个行号，并在客户编号更改时重置行号。

要实现此目的，您必须使用两个会话变量，一个用于行号，另一个用于存储旧客户编号，以将其与当前的客户编号进行比较，如下面的查询：

```sql
SELECT
  @row_number :=
  IF( @customer_no = customerNumber, @row_number + 1, 1 ) AS num,
  @customer_no := customerNumber AS CustomerNumber,
  paymentDate,
  amount
FROM
  payments
ORDER BY
  customerNumber;
```

我们在查询中使用了IF函数。如果客户编号保持不变，我们增加了`row_number`变量，否则，我们将其重置为1。查询结果如下面的屏幕截图所示。

```text
+------+----------------+-------------+-----------+
| num  | CustomerNumber | paymentDate | amount    |
+------+----------------+-------------+-----------+
|    1 |            103 | 2014-10-19  |   6066.78 |
|    2 |            103 | 2013-06-05  |  14571.44 |
|    3 |            103 | 2014-12-18  |   1676.14 |
|    1 |            112 | 2014-12-17  |  14191.12 |
|    2 |            112 | 2013-06-06  |  32641.98 |
|    3 |            112 | 2014-08-20  |  33347.88 |
|    1 |            114 | 2013-05-20  |  45864.03 |
|    2 |            114 | 2014-12-15  |  82261.22 |
|    3 |            114 | 2013-05-31  |   7565.08 |
|    4 |            114 | 2014-03-10  |  44894.74 |
|    1 |            119 | 2014-11-14  |  19501.82 |
|    2 |            119 | 2014-08-08  |  47924.19 |
|    3 |            119 | 2015-02-22  |  49523.67 |
...
```

与`row_number`每行一样，您可以使用派生表和交叉连接技术来生成相同的结果。

```sql
SELECT 
    @row_number:=CASE
        WHEN @customer_no = customerNumber THEN @row_number + 1
        ELSE 1
    END AS num,
    @customer_no:=customerNumber as CustomerNumber,
    paymentDate,
    amount
FROM
    payments,(SELECT @customer_no:=0,@row_number:=0) as t
ORDER BY customerNumber;
```
