# 586 订单最多的客户

题目链接：<https://leetcode.cn/problems/customer-placing-the-largest-number-of-orders/description/>

## 使用group by, order by和limit

题目保证只有一个最大的结果，直接group by后按照数量降序排序，使用limit取第一个即可

如果有多个结果，可以先找出最大的数量，然后用having字句进行过滤

还可以使用`count()>=all`的方式

排名还可以使用窗口函数dense_rank

```sql
# select customer_number from Orders group by customer_number order by count(*) desc limit 1;

select customer_number from Orders group by customer_number having count(*) = (select count(*) from Orders group by customer_number order by count(*) desc limit 1);

select customer_number
from Orders
group by customer_number
having count(*) >= all(
    select count(*) as cnt
    from Orders
    group by customer_number    
    );

select customer_number from
(select 
    customer_number, 
    dense_rank() over(order by count(order_number) desc) as ranking
  # 窗口函数适用范围广，在数据层面先构造再筛选
from orders
group by customer_number) t
where ranking = 1;
```

## ALL运算符

ALL运算符是一个逻辑运算符，它将单个值与子查询返回的单列值集进行比较。

ALL运算符必须以比较运算符开头，例如：>，>=，<，<=，<>，=，后跟子查询。

如下，对于ALL运算符的条件和描述说明：

|条件|描述|
|-|-|
|c > ALL(…)|c列中的值必须大于要评估为true的集合中的最大值。|
|c >= ALL(…)|c列中的值必须大于或等于要评估为true的集合中的最大值。|
|c < ALL(…)|c列中的值必须小于要评估为true的集合中的最小值。|
|c <= ALL(…)|c列中的值必须小于或等于要评估为true的集合中的最小值。|
|c <> ALL(…)|c列中的值不得等于要评估为true的集合中的任何值。|
|c = ALL(…)|c列中的值必须等于要评估为true的集合中的任何值。|

### ALL运算符例子

查找工资大于部门ID为6的员工最高工资的所有员工

```sql
SELECT 
  NAME,
  salary 
FROM
  employees 
WHERE
  salary > ALL ( SELECT salary FROM employees WHERE department_id = 6 ) 
ORDER BY
  salary;
```

查找工资不等于每个部门平均工资的员工

```sql
SELECT 
  NAME,
  salary 
FROM
  employees 
WHERE
  salary <> ALL ( SELECT AVG( salary ) FROM employees GROUP BY department_id ) 
ORDER BY
  salary DESC;
```

## ANY运算符

ANY运算符是一个逻辑运算符，它将值与子查询返回的一组值进行比较。 ANY运算符必须以比较运算符：>，>=，<，<=，=，<>开头，后跟子查询。

如下，对于ANY运算符的条件和描述说明：

|条件|描述|
|-|-|
|c > ANY(…)|c列中的值必须大于要评估为true的集合中的最小值。|
|c >= ANY(…)|c列中的值必须大于或等于要评估为true的集合中的最小值。|
|c < ANY(…)|c列中的值必须小于要评估为true的集合中的最大值。|
|c <= ANY(…)|c列中的值必须小于或等于要评估为true的集合中的最大值。|
|c != ANY(…)|c列中的值不能与集合中的一个或多个值匹配以评估为true。|
|c = ANY(…)|c列中的值必须与集合中的一个或多个值匹配，以评估为true。|

### ANY运算符例子

查找薪水低于每个部门平均薪水的所有员工

```sql
SELECT 
  NAME,
  salary 
FROM
  employees 
WHERE
  salary < ANY ( SELECT AVG( salary ) FROM employees GROUP BY department_id ) 
ORDER BY
  salary DESC;
```

## RANK窗口函数

`RANK()`函数为结果集的分区中的每一行分配一个排名。行的等级由一加上前面的等级数指定。

以下显示了RANK()函数的语法：

```sql
RANK() OVER (
    PARTITION BY <expression>[{,<expression>...}]
    ORDER BY <expression> [ASC|DESC], [{,<expression>...}]
)
```

在这个语法中：

- 首先，`PARTITION BY`子句将结果集划分为分区。`RANK()`功能在分区内执行，并在跨越分区边界时重新初始化。
- 其次，`ORDER BY`子句按一个或多个列或表达式对分区内的行进行排序。

与`ROW_NUMBER()`函数不同，`RANK()`函数并不总是返回连续的整数。

假设我们有一个样本表如下：

```sql
CREATE TABLE rankDemo (
    val INT
);

INSERT INTO rankDemo(val)
VALUES(1),(2),(2),(3),(4),(4),(5);


SELECT
    *
FROM
    rankDemo;
```

```text
+------+
| val  |
+------+
|    1 |
|    2 |
|    2 |
|    3 |
|    4 |
|    4 |
|    5 |
+------+
7 rows in set (0.01 sec)
```

以下语句使用`RANK()`函数为`rankDemo`表中结果集的每一行分配一个排名：

```sql
SELECT
    val,
    RANK() OVER (
        ORDER BY val
    ) my_rank
FROM
    rankDemo;
```

这是输出：

```text
+------+---------+
| val  | my_rank |
+------+---------+
|    1 |       1 |
|    2 |       2 |
|    2 |       2 |
|    3 |       4 |
|    4 |       5 |
|    4 |       5 |
|    5 |       7 |
+------+---------+
7 rows in set (0.02 sec)
```

如您所见，第二行和第三行具有相同的关系，因此它们获得相同的等级2。

第四行具有等级4，因为`RANK()`功能跳过等级3。

### RANK() 函数示例

让我们使用`sales`我们在窗口函数教程中创建的表进行演示。

以下是`sales`表：

```text
+----------------+-------------+--------+
| sales_employee | fiscal_year | sale   |
+----------------+-------------+--------+
| Alice          |        2016 | 150.00 |
| Alice          |        2017 | 100.00 |
| Alice          |        2018 | 200.00 |
| Bob            |        2016 | 100.00 |
| Bob            |        2017 | 150.00 |
| Bob            |        2018 | 200.00 |
| John           |        2016 | 200.00 |
| John           |        2017 | 150.00 |
| John           |        2018 | 250.00 |
+----------------+-------------+--------+
9 rows in set (0.01 sec)
```

以下声明使用RANK()功能按销售额按每年的销售额排名：

```sql
SELECT
  sales_employee,
  fiscal_year,
  sale,
  RANK( ) OVER (
    PARTITION BY fiscal_year
    ORDER BY sale DESC
  ) sales_rank 
FROM
  sales;
```

输出结果：

```text
+----------------+-------------+--------+------------+
| sales_employee | fiscal_year | sale   | sales_rank |
+----------------+-------------+--------+------------+
| John           |        2016 | 200.00 |          1 |
| Alice          |        2016 | 150.00 |          2 |
| Bob            |        2016 | 100.00 |          3 |
| Bob            |        2017 | 150.00 |          1 |
| John           |        2017 | 150.00 |          1 |
| Alice          |        2017 | 100.00 |          3 |
| John           |        2018 | 250.00 |          1 |
| Alice          |        2018 | 200.00 |          2 |
| Bob            |        2018 | 200.00 |          2 |
+----------------+-------------+--------+------------+
9 rows in set (0.01 sec)
```

在这个例子中：

- 首先，`PARTITION BY`子句按财务年度将结果集分成多个分区。
- 然后，`ORDER BY`子句按销售额按降序对销售员工进行排序。

### RANK函数与CTE示例

以下语句使用`RANK()`函数查找每年最高的三个最高价值订单：

```sql
WITH order_values AS(
    SELECT
        orderNumber,
        YEAR(orderDate) order_year,
        quantityOrdered*priceEach AS order_value,
        RANK() OVER (
            PARTITION BY YEAR(orderDate)
            ORDER BY quantityOrdered*priceEach DESC
        ) order_value_rank
    FROM
        orders
    INNER JOIN orderDetails USING (orderNumber)
)
SELECT
    *
FROM
    order_values
WHERE
    order_value_rank <=3; 
```

这是输出：

```text
+-------------+------------+-------------+------------------+
| orderNumber | order_year | order_value | order_value_rank |
+-------------+------------+-------------+------------------+
|       10196 |       2013 |     9571.08 |                1 |
|       10206 |       2013 |     9568.73 |                2 |
|       10201 |       2013 |     9394.28 |                3 |
|       10312 |       2014 |    10286.40 |                1 |
|       10348 |       2014 |     9974.40 |                2 |
|       10304 |       2014 |     9467.68 |                3 |
|       10403 |       2015 |    11503.14 |                1 |
|       10405 |       2015 |    11170.52 |                2 |
|       10407 |       2015 |    10723.60 |                3 |
+-------------+------------+-------------+------------------+
9 rows in set (0.04 sec)
```

在这个例子中：

- 首先，我们使用公用表表达式（`CTE`）来获取订单号，订单年份和排名。为了按照每年的订单价值对订单进行排名，我们使用按`RANK()`行年划分行的功能，并按降序对订单值进行排序。
- 然后，我们只选择排名小于或等于3的订单。

## DENSE_RANK窗口函数

`DENSE_RANK()`是一个窗口函数，它为分区或结果集中的每一行分配排名，而排名值没有间隙。

行的等级从行前的不同等级值的数量增加1。

`DENSE_RANK()` 函数的语法如下：

```sql
DENSE_RANK() OVER (
    PARTITION BY <expression>[{,<expression>...}]
    ORDER BY <expression> [ASC|DESC], [{,<expression>...}]
)
```

在这个语法中：

- 首先，`PARTITION BY`子句将FROM子句生成的结果集划分为分区。`DENSE_RANK()`函数应用于每个分区。
- 其次，`ORDER BY` 子句指定`DENSE_RANK()`函数操作的每个分区中的行顺序。

如果分区具有两个或更多具有相同排名值的行，则将为这些行中的每一行分配相同的排名。

与`RANK()`函数不同，`DENSE_RANK()`函数始终返回连续的排名值。

假设我们有一个`t`包含一些样本数据的表，如下所示：

```sql
CREATE TABLE rankDemo (
    val INT
);

INSERT INTO rankDemo(val)
VALUES(1),(2),(2),(3),(4),(4),(5);


SELECT 
    *
FROM
    rankDemo;
```

```text
+------+
| val  |
+------+
|    1 |
|    2 |
|    2 |
|    3 |
|    4 |
|    4 |
|    5 |
+------+
7 rows in set (0.02 sec)
```

以下语句使用`DENSE_RANK()`函数为每行分配排名：

```sql
SELECT
    val,
    DENSE_RANK() OVER (
        ORDER BY val
    ) my_rank
FROM
    rankDemo;
```

```text
+------+---------+
| val  | my_rank |
+------+---------+
|    1 |       1 |
|    2 |       2 |
|    2 |       2 |
|    3 |       3 |
|    4 |       4 |
|    4 |       4 |
|    5 |       5 |
+------+---------+
7 rows in set (0.03 sec)
```

### DENSE_RANK() 函数示例

我们将使用窗口函数教程`sales`中创建的表进行演示

```text
mysql> select * from sales;
+----------------+-------------+--------+
| sales_employee | fiscal_year | sale   |
+----------------+-------------+--------+
| Alice          |        2016 | 150.00 |
| Alice          |        2017 | 100.00 |
| Alice          |        2018 | 200.00 |
| Bob            |        2016 | 100.00 |
| Bob            |        2017 | 150.00 |
| Bob            |        2018 | 200.00 |
| John           |        2016 | 200.00 |
| John           |        2017 | 150.00 |
| John           |        2018 | 250.00 |
+----------------+-------------+--------+
9 rows in set (0.00 sec)
```

以下声明使用`DENSE_RANK()`功能按销售额对销售员工进行排名。

```sql
SELECT
    sales_employee,
    fiscal_year,
    sale,
    DENSE_RANK() OVER (PARTITION BY
                     fiscal_year
                 ORDER BY
                     sale DESC
                ) sales_rank
FROM
    sales;
```

输出如下：

```text
+----------------+-------------+--------+------------+
| sales_employee | fiscal_year | sale   | sales_rank |
+----------------+-------------+--------+------------+
| John           |        2016 | 200.00 |          1 |
| Alice          |        2016 | 150.00 |          2 |
| Bob            |        2016 | 100.00 |          3 |
| Bob            |        2017 | 150.00 |          1 |
| John           |        2017 | 150.00 |          1 |
| Alice          |        2017 | 100.00 |          2 |
| John           |        2018 | 250.00 |          1 |
| Alice          |        2018 | 200.00 |          2 |
| Bob            |        2018 | 200.00 |          2 |
+----------------+-------------+--------+------------+
9 rows in set (0.01 sec)
```

在这个例子中：

- 首先，`PARTITION BY`子句使用会计年度将结果集划分为分区。
- 其次，`ORDER BY`条款按销售额的降序指定了销售员工的顺序。
- 第三，`DENSE_RANK()`函数应用于具有`ORDER BY`子句指定的行顺序的每个分区。
