# 619 只出现一次的最大数字

题目链接：<https://leetcode.cn/problems/biggest-single-number/description/>

## 使用子查询 和 MAX() 函数

使用子查询找出仅出现一次的数字。

```sql
SELECT
    num
FROM
    `number`
GROUP BY num
HAVING COUNT(num) = 1;
```

然后使用 MAX() 函数找出其中最大的一个。

```sql
SELECT
    MAX(num) AS num
FROM
    (SELECT
        num
    FROM
        number
    GROUP BY num
    HAVING COUNT(num) = 1) AS t
;
```

## 当表格为空时，如何返回null值

当我们在做练习题的时候有时候会遇见这样的需求：如果没有只出现一次的数字，输出 null 也就是说当我们查询出来的结果为空时，我们需要输出null。

那么什么时候我们可以准确的输出null值，不至于我们的输出在这个点上报错呢？ 这里，我总结了一个表格

| |SUM|AVG|MAX|MIN|COUNT|IFNULL|SELECT|LIMIT|窗口函数|
|-|-|-|-|-|-|-|-|-|-|
|空表格|null|null|null|null|0|空|(from后)空<br>null|空|null|
|表格值为null|null|null|null|null|0|输出第二个参数|null|null|null|null|

先强调三连：
空表示表格没有任何输出
null表示输出为null

本次讲解使用的测试集：

```sql
CREATE TABLE IF NOT EXISTS my_numbers (num INT);
TRUNCATE TABLE my_numbers
INSERT INTO my_numbers (num) VALUES ('8');
INSERT INTO my_numbers (num) VALUES ('8');
INSERT INTO my_numbers (num) VALUES ('3');
INSERT INTO my_numbers (num) VALUES ('3');
INSERT INTO my_numbers (num) VALUES ('4');
INSERT INTO my_numbers (num) VALUES ('4');
INSERT INTO my_numbers (num) VALUES ('5');
INSERT INTO my_numbers (num) VALUES ('5');
```

### SUM/AVG/MAX/MIN都会返回null值

使用聚合函数对空值进行处理时，SUM/AVG/MAX/MIN都会返回null值。

首先我们根据本题题意，给出一个不输出null的测试代码：

```sql
#代码1.1
select num
from my_numbers 
group by num
having count(num)=1
order by num desc
limit 0,1;
```

这里我们可以进行一个测试，在外层再加入一个select分别尝试sum/max/min/avg

```sql
#代码2.1
SELECT SUM(num) sum_num, AVG(num) avg_num, MAX(num) max_num,MIN(num) min_num
FROM (
  SELECT num
  FROM my_numbers 
  GROUP BY num
  HAVING COUNT(num)=1
  ORDER BY num DESC
  LIMIT 0,1
) t1;
```

```text
mysql> SELECT SUM(num) sum_num, AVG(num) avg_num, MAX(num) max_num,MIN(num) min_num
    -> FROM (
    ->   SELECT num
    ->   FROM my_numbers
    ->   GROUP BY num
    ->   HAVING COUNT(num)=1
    ->   ORDER BY num DESC
    ->   LIMIT 0,1
    -> ) t1;
+---------+---------+---------+---------+
| sum_num | avg_num | max_num | min_num |
+---------+---------+---------+---------+
|    NULL |    NULL |    NULL |    NULL |
+---------+---------+---------+---------+
1 row in set (0.01 sec)
```

所以，只要我们的表格为空，加入任何SUM/AVG/MAX/MIN函数，我们都可以得到null值的结果。

### 使用ifnull对空值进行处理

使用ifnull对空值进行处理。(实际上并不是ifnull起作用)

```sql
select ifnull((select max(num)
from my_numbers
group by num
having count(*) = 1
Order by num DESC
limit 1), null) num;
```

首先这段代码是从评论区里复制出来的，因为我个人不是特别赞同使用ifnull来处理并输出null值，这很奇怪，原因如下

- ifnull函数定位：用于判断第一个表达式是否为 NULL，如果为 NULL 则返回第二个参数的值，如果不为 NULL 则返回第一个参数的值。

```sql
IFNULL(expression, alt_value)
```

这意味着什么呢，如果expression的值为null时，才会返回alt_value的值。按照ifnull函数的运行逻辑，要使代码能输出alt_value,其实expression本身就应该为null值

然而根据代码1.1，我们知道ifnull中第一个参数的值实际上为空，函数ifnull其实没有起到任何作用。

那么，有同学可能会有疑问了，是否ifnull中第一个参数为空时，仍然可以输出第二个参数的值？ 我们可以来进行一个测试：

```sql
#代码2.2
SELECT IFNULL(t1.num,NULL) ifnull_num
FROM(
  SELECT num
  FROM my_numbers 
  GROUP BY num
  HAVING COUNT(num)=1
  ORDER BY num DESC
  LIMIT 0,1
) t1;
```

```text
mysql> SELECT IFNULL(t1.num,NULL) ifnull_num
    -> FROM(
    ->   SELECT num
    ->   FROM my_numbers
    ->   GROUP BY num
    ->   HAVING COUNT(num)=1
    ->   ORDER BY num DESC
    ->   LIMIT 0,1
    -> ) t1;
Empty set (0.00 sec)
```

可以看出，我们的ifnull输出的仍然是空值。

那么为什么代码2.1和代码2.2中输出的结果并不一样？差别其实是在我们select语句上！

### 使用select语句对空值进行处理

如果我们仔细的观察代码2.1，我们可以发现代码2.1将代码1.1这个结构其实放在了select语句中，而非from语句中，这样的放置差异会导致最后的结果不一样。

```sql
#代码3.1 将代码1.1放置在from后，再从虚拟表中选择num
SELECT num
FROM(
  SELECT num
  FROM my_numbers 
  GROUP BY num
  HAVING COUNT(num)=1
  ORDER BY num DESC
  LIMIT 0,1
) t1;
```

```text
mysql> SELECT num
    -> FROM(
    ->   SELECT num
    ->   FROM my_numbers
    ->   GROUP BY num
    ->   HAVING COUNT(num)=1
    ->   ORDER BY num DESC
    ->   LIMIT 0,1
    -> ) t1;
Empty set (0.01 sec)
```

可以发现这样排列我们的代码，我们得到的值仍然为空，但如果我们直接将整块代码写在select中：

```sql
#代码3.2 将代码1.1直接放置在select中
SELECT(
  SELECT num
  FROM my_numbers 
  GROUP BY num
  HAVING COUNT(num)=1
  ORDER BY num DESC
  LIMIT 0,1
) select_num;
```

```text
mysql> SELECT(   SELECT num   FROM my_numbers    GROUP BY num   HAVING COUNT(num)=1   ORDER BY num DESC   LIMIT 0,1 ) select_num;
+------------+
| select_num |
+------------+
|       NULL |
+------------+
1 row in set (0.02 sec)
```

我们得到了null值，因此如果我们在select语句中写入空值，直接运行select语句，我们将会得到null值。

- select 空 param1 -> param1：null
- select param1 from 空 —> param1：空

### limit语句不会输出新null值

limit语句不会输出新null值（除非表格中本身存在null值），因为limit语句对表格只是进行截取 如我们的代码1.1所示，输出值为空，也印证了这一点。

### where语句所带来的限制条件不会输出新的null值（除非表格中本身存在null值），同理having也是一样

这里给出一个测试：

```sql
#代码5.1
SELECT num
FROM my_numbers
WHERE num IS NULL;
```

```text
mysql> SELECT num
    -> FROM my_numbers
    -> WHERE num IS NULL;
Empty set (0.00 sec)
```

可以看出，我们的输出为一个空，也就说明了，当数据库中无法匹配当前条件时，输出的数据行是为空而非null的。

### 总结

- 可以使用聚合函数进行空值null值的转换，具体的聚合函数包括SUM/AVG/MAX/MIN
- 可以使用select语句进行转换，但空值应直接写在select中而非from中
- limit语句无法出现新的null值
- where和having同样无法出现新的null值
